175943759685,New for Mercury Marine Outboard Rectifier 90 90Hp 1978-1990,More than 10 available,US $20.85/ea,Free,https://www.ebay.com/itm/280701041445
176792817744,New Starter Solenoid for Kawasaki Small Engine Fc540V,More than 10 available,US $19.50/ea,Free,https://www.ebay.com/itm/280707679763
176792818924,Starter Solenoid for Kawasaki Fc540V Fd501D Fd620D Engine,More than 10 available,US $23.00/ea,Free,https://www.ebay.com/itm/280712971318
176822455803,Starter for Cub Cadet 17 17.5 18.5 Briggs & Stratton 2004-06 / BS-593934 593934,More than 10 available,US $34.00/ea,Free,https://www.ebay.com/itm/280716204941
175957323473,Starter for John Deere Tractor Lawn LA105 LA115 LA125 New,More than 10 available,US $34.00/ea,Free,https://www.ebay.com/itm/280716206453
175955280568,for Mercury Marine Starter Solenoid Relay Switch 25 25Hp,More than 10 available,US $10.75/ea,Free,https://www.ebay.com/itm/280722566269
175945703138,Starter for John Deere 25-098-04 25-098-04S 25-098-05 25-098-05S 25-098-06,More than 10 available,US $38.99/ea,Free,https://www.ebay.com/itm/280740003247
176775017772,Starter for Eton Atv Yxl-150 Yukon 150 150Cc Engine New / 800176,More than 10 available,US $21.95/ea,Free,https://www.ebay.com/itm/280740099794
176781429772,Radiator Cooling Fan Motor for Polaris Magnum 425 500 2X4 4X4 6X6 1995 1996-1999,More than 10 available,US $65.01/ea,See compatible vehicles,https://www.ebay.com/itm/280740920307
175911476580,Brake Pads for Kawasaki Brute Force 750 KVF750 4X4I Front Brakes 2005-2017,More than 10 available,US $17.85/ea,See compatible vehicles,https://www.ebay.com/itm/280750489312
176814178914,Brake Pads for Honda XR400 XR 400 Front Rear Brakes 1996-2004,More than 10 available,US $17.50/ea,See compatible vehicles,https://www.ebay.com/itm/280751231381
175943759685,New for Mercury Marine Outboard Rectifier 90 90Hp 1978-1990,More than 10 available,US $20.85/ea,Free,https://www.ebay.com/itm/280701041445
176792817744,New Starter Solenoid for Kawasaki Small Engine Fc540V,More than 10 available,US $19.50/ea,Free,https://www.ebay.com/itm/280707679763
176792818924,Starter Solenoid for Kawasaki Fc540V Fd501D Fd620D Engine,More than 10 available,US $23.00/ea,Free,https://www.ebay.com/itm/280712971318
176822455803,Starter for Cub Cadet 17 17.5 18.5 Briggs & Stratton 2004-06 / BS-593934 593934,More than 10 available,US $34.00/ea,Free,https://www.ebay.com/itm/280716204941
175957323473,Starter for John Deere Tractor Lawn LA105 LA115 LA125 New,More than 10 available,US $34.00/ea,Free,https://www.ebay.com/itm/280716206453
175955280568,for Mercury Marine Starter Solenoid Relay Switch 25 25Hp,More than 10 available,US $10.75/ea,Free,https://www.ebay.com/itm/280722566269
175945703138,Starter for John Deere 25-098-04 25-098-04S 25-098-05 25-098-05S 25-098-06,More than 10 available,US $38.99/ea,Free,https://www.ebay.com/itm/280740003247
